"","PPG","RPG","APG","TargetPPG","TargetRPG","TargetAPG","Probability","Projection"
"1",31.4246575342466,10.5205479452055,10.3835616438356,0,5.77777777777778,6.88888888888889,0.99580152,41.5616438356164
