"","PPG","RPG","APG","TargetPPG","TargetRPG","TargetAPG","Probability","Projection"
"1",31.9393939393939,10.530303030303,10.1363636363636,0,7.8125,9.4375,0.77894256,39.7575757575758
