"","PPG","RPG","APG","TargetPPG","TargetRPG","TargetAPG","Probability","Projection"
"1",31.6507936507937,10.6190476190476,10.047619047619,0,7.94736842105263,9.8421052631579,0.61209624,39.047619047619
