"","PPG","RPG","APG","TargetPPG","TargetRPG","TargetAPG","Probability","Projection"
"1",31.4262295081967,10.5901639344262,10.1475409836066,0,8.28571428571429,9.57142857142857,0.77516502,40.327868852459
