"","PPG","RPG","APG","TargetPPG","TargetRPG","TargetAPG","Probability","Projection"
"1",31.6935483870968,10.6935483870968,10.1290322580645,0,7.85,9.6,0.75417171,39.6774193548387
