"","PPG","RPG","APG","TargetPPG","TargetRPG","TargetAPG","Probability","Projection"
"1",31.2394366197183,10.4788732394366,10.3521126760563,0,6.90909090909091,7.72727272727273,0.98431872,40.4225352112676
